publisher_name	publication_title	pkb-abbreviation	online_identifier	title_url	date_first_issue_online	pkb-citation_style	pkb-piddomain	title_id	print_identifier	num_first_vol_online	num_first_issue_online	date_last_issue_online	num_last_vol_online	num_last_issue_online	first_author	embargo_info	coverage_depth	coverage_notes	publication_type	date_monograph_published_print	date_monograph_published_online	monograph_volume	monograph_edition	first_editor	parent_publication_title_id	preceding_publication_title_id	access_type
BioMed Central Ltd	Allergy, Asthma & Clinical Immunology	Allergy Asthma Clin Immunol	1710-1492	http://aacijournal.biomedcentral.com/	2009	VANCOUVER	aacijournal.biomedcentral.com	aacijournal
BioMed Central Ltd	Acta Neuropathologica Communications	Acta Neuropathol Commun	2051-5960	http://actaneurocomms.biomedcentral.com/	2013	BASIC_SPRINGER	actaneurocomms.biomedcentral.com	actaneurocomms
BioMed Central Ltd	Acta Veterinaria Scandinavica	Acta Vet Scand	1751-0147	http://actavetscand.biomedcentral.com/	2006	VANCOUVER	actavetscand.biomedcentral.com	actavetscand
BioMed Central Ltd	Advances in Simulation	Adv Simul	2059-0628	http://advancesinsimulation.biomedcentral.com/	2015	BIOMEDCENTRAL	advancesinsimulation.biomedcentral.com	advancesinsimulation
BioMed Central Ltd	Agriculture & Food Security	Agric Food Secur	2048-7010	http://agricultureandfoodsecurity.biomedcentral.com/	2012	VANCOUVER	agricultureandfoodsecurity.biomedcentral.com	agricultureandfoodsecurity
BioMed Central Ltd	AIDS Research and Therapy	AIDS Res Ther	1742-6405	http://aidsrestherapy.biomedcentral.com/	2004	VANCOUVER	aidsrestherapy.biomedcentral.com	aidsrestherapy
BioMed Central Ltd	Algorithms for Molecular Biology	Algorithms Mol Biol	1748-7188	http://almob.biomedcentral.com/	2006	VANCOUVER	almob.biomedcentral.com	almob
BioMed Central Ltd	Alzheimer's Research & Therapy	Alzheimers Res Ther	1758-9193	http://alzres.biomedcentral.com/	2009	VANCOUVER	alzres.biomedcentral.com	alzres
BioMed Central Ltd	Animal Biotelemetry	Anim Biotelem	2050-3385	http://animalbiotelemetry.biomedcentral.com/	2012	BIOMEDCENTRAL	animalbiotelemetry.biomedcentral.com	animalbiotelemetry
BioMed Central Ltd	Annals of Clinical Microbiology and Antimicrobials	Ann Clin Microbiol Antimicrob	1476-0711	http://ann-clinmicrob.biomedcentral.com/	2002	VANCOUVER	ann-clinmicrob.biomedcentral.com	ann-clinmicrob
BioMed Central Ltd	Annals of General Psychiatry	Ann Gen Psychiatry	1744-859X	http://annals-general-psychiatry.biomedcentral.com/	2002	BIOMEDCENTRAL	annals-general-psychiatry.biomedcentral.com	annals-general-psychiatry
BioMed Central Ltd	Annals of Occupational and Environmental Medicine	Ann Occup Environ Med	2052-4374	http://aoemj.biomedcentral.com/	2013	VANCOUVER	aoemj.biomedcentral.com	aoemj
BioMed Central Ltd	Asia Pacific Family Medicine	Asia Pac Fam Med	1447-056X	http://apfmj.biomedcentral.com/	2002	VANCOUVER	apfmj.biomedcentral.com	apfmj
	Applied Cancer Research		1980-5578	http://appliedcr.biomedcentral.com/			appliedcr.biomedcentral.com	appliedcr
BioMed Central Ltd	Aquatic Biosystems	Aquat Biosyst	2046-9063	http://aquaticbiosystems.biomedcentral.com/	2005	VANCOUVER	aquaticbiosystems.biomedcentral.com	aquaticbiosystems
BioMed Central Ltd	Archives of Physiotherapy	Arch Physiother	2057-0082	http://archivesphysiotherapy.biomedcentral.com/	2015	BIOMEDCENTRAL	archivesphysiotherapy.biomedcentral.com	archivesphysiotherapy
BioMed Central Ltd	Archives of Public Health	Arch Public Health	2049-3258	http://archpublichealth.biomedcentral.com/	1997	BIOMEDCENTRAL	archpublichealth.biomedcentral.com	archpublichealth
	Antimicrobial Resistance & Infection Control		2047-2994	http://aricjournal.biomedcentral.com/			aricjournal.biomedcentral.com	aricjournal
BioMed Central Ltd	Arthritis Research & Therapy	Arthritis Res Ther	1478-6354	http://arthritis-research.biomedcentral.com/	1999	VANCOUVER	arthritis-research.biomedcentral.com	arthritis-research
BioMed Central Ltd	Addiction Science & Clinical Practice	Addict Sci Clin Pract	1940-0640	http://ascpjournal.biomedcentral.com/	2012	VANCOUVER	ascpjournal.biomedcentral.com	ascpjournal
BioMed Central Ltd	Annals of Surgical Innovation and Research	Ann Surg Innov Res	1750-1164	http://asir-journal.biomedcentral.com/	2007	VANCOUVER	asir-journal.biomedcentral.com	asir-journal
BioMed Central Ltd	Asthma Research and Practice	Asthma Res and Prac	2054-7064	http://asthmarp.biomedcentral.com/	2014	VANCOUVER	asthmarp.biomedcentral.com	asthmarp
BioMed Central Ltd	Avian Research	Avian Res	2053-7166	http://avianres.biomedcentral.com/	2014	BASIC_SPRINGER	avianres.biomedcentral.com	avianres
BioMed Central Ltd	Basic and Clinical Andrology	Basic Clin Androl	2051-4190	http://bacandrology.biomedcentral.com/	2013	VANCOUVER	bacandrology.biomedcentral.com	bacandrology
	Big Data Analytics		2058-6345	http://bdataanalytics.biomedcentral.com/			bdataanalytics.biomedcentral.com	bdataanalytics
BioMed Central Ltd	Behavioral and Brain Functions	Behav Brain Funct	1744-9081	http://behavioralandbrainfunctions.biomedcentral.com/	2005	VANCOUVER	behavioralandbrainfunctions.biomedcentral.com	behavioralandbrainfunctions
BioMed Central Ltd	BioData Mining	BioData Mining	1756-0381	http://biodatamining.biomedcentral.com/	2008	VANCOUVER	biodatamining.biomedcentral.com	biodatamining
BioMed Central Ltd	Biological Procedures Online	Biol Proced Online	1480-9222	http://biologicalproceduresonline.biomedcentral.com/	2009	VANCOUVER	biologicalproceduresonline.biomedcentral.com	biologicalproceduresonline
BioMed Central Ltd	Biology Direct	Biol Direct	1745-6150	http://biologydirect.biomedcentral.com/	2006	VANCOUVER	biologydirect.biomedcentral.com	biologydirect
BioMed Central Ltd	Biological Research	Biol Res	0717-6287	http://biolres.biomedcentral.com/	2013	VANCOUVER	biolres.biomedcentral.com	biolres
BioMed Central Ltd	BioMagnetic Research and Technology	BioMag Res Technol	1477-044X	http://biomagres.biomedcentral.com/	2003	BIOMEDCENTRAL	biomagres.biomedcentral.com	biomagres
BioMed Central Ltd	Biomarker Research	Biomark Res	2050-7771	http://biomarkerres.biomedcentral.com/	2013	VANCOUVER	biomarkerres.biomedcentral.com	biomarkerres
BioMed Central Ltd	Biomaterials Research	Biomater Res	2055-7124	http://biomaterialsres.biomedcentral.com/	2014	BIOMEDCENTRAL	biomaterialsres.biomedcentral.com	biomaterialsres
BioMed Central Ltd	BioMedical Engineering OnLine	BioMed Eng OnLine	1475-925X	http://biomedical-engineering-online.biomedcentral.com/	2002	VANCOUVER	biomedical-engineering-online.biomedcentral.com	biomedical-engineering-online
BioMed Central Ltd	Cell Communication and Signaling	Cell Commun Signal	1478-811X	http://biosignaling.biomedcentral.com/	2003	VANCOUVER	biosignaling.biomedcentral.com	biosignaling
BioMed Central Ltd	Biotechnology for Biofuels	Biotechnol Biofuels	1754-6834	http://biotechnologyforbiofuels.biomedcentral.com/	2008	VANCOUVER	biotechnologyforbiofuels.biomedcentral.com	biotechnologyforbiofuels
Beilstein-Institut	Beilstein Journal of Organic Chemistry	Beilstein J Org Chem	1860-5397	http://bjoc.biomedcentral.com/	2005	BIOMEDCENTRAL	bjoc.biomedcentral.com	bjoc
BioMed Central Ltd	BMC Anesthesiology	BMC Anesthesiol	1471-2253	http://bmcanesthesiol.biomedcentral.com/	2001	VANCOUVER	bmcanesthesiol.biomedcentral.com	bmcanesthesiol
BioMed Central Ltd	BMC Biochemistry	BMC Biochem	1471-2091	http://bmcbiochem.biomedcentral.com/	2000	VANCOUVER	bmcbiochem.biomedcentral.com	bmcbiochem
BioMed Central Ltd	BMC Bioinformatics	BMC Bioinformatics	1471-2105	http://bmcbioinformatics.biomedcentral.com/	2000	VANCOUVER	bmcbioinformatics.biomedcentral.com	bmcbioinformatics
BioMed Central Ltd	BMC Biology	BMC Biol	1741-7007	http://bmcbiol.biomedcentral.com/	2003	VANCOUVER	bmcbiol.biomedcentral.com	bmcbiol
BioMed Central Ltd	BMC Biophysics	BMC Biophys	2046-1682	http://bmcbiophys.biomedcentral.com/	2011	VANCOUVER	bmcbiophys.biomedcentral.com	bmcbiophys
BioMed Central Ltd	BMC Biotechnology	BMC Biotechnol	1472-6750	http://bmcbiotechnol.biomedcentral.com/	2001	VANCOUVER	bmcbiotechnol.biomedcentral.com	bmcbiotechnol
BioMed Central Ltd	BMC Cancer	BMC Cancer	1471-2407	http://bmccancer.biomedcentral.com/	2001	BIOMEDCENTRAL	bmccancer.biomedcentral.com	bmccancer
BioMed Central Ltd	BMC Cardiovascular Disorders	BMC Cardiovasc Disord	1471-2261	http://bmccardiovascdisord.biomedcentral.com/	2001	BIOMEDCENTRAL	bmccardiovascdisord.biomedcentral.com	bmccardiovascdisord
BioMed Central Ltd	BMC Cell Biology	BMC Cell Biol	1471-2121	http://bmccellbiol.biomedcentral.com/	2000	VANCOUVER	bmccellbiol.biomedcentral.com	bmccellbiol
BioMed Central Ltd	BMC Chemical Biology	BMC Chem Biol	1472-6769	http://bmcchembiol.biomedcentral.com/	2001	BIOMEDCENTRAL	bmcchembiol.biomedcentral.com	bmcchembiol
BioMed Central Ltd	BMC Clinical Pathology	BMC Clin Pathol	1472-6890	http://bmcclinpathol.biomedcentral.com/	2001	VANCOUVER	bmcclinpathol.biomedcentral.com	bmcclinpathol
BioMed Central Ltd	BMC Complementary and Alternative Medicine	BMC Complement Altern Med	1472-6882	http://bmccomplementalternmed.biomedcentral.com/	2001	VANCOUVER	bmccomplementalternmed.biomedcentral.com	bmccomplementalternmed
BioMed Central Ltd	BMC Dermatology	BMC Dermatol	1471-5945	http://bmcdermatol.biomedcentral.com/	2001	VANCOUVER	bmcdermatol.biomedcentral.com	bmcdermatol
BioMed Central Ltd	BMC Developmental Biology	BMC Dev Biol	1471-213X	http://bmcdevbiol.biomedcentral.com/	2001	VANCOUVER	bmcdevbiol.biomedcentral.com	bmcdevbiol
BioMed Central Ltd	BMC Ear, Nose and Throat Disorders	BMC Ear Nose Throat Disord	1472-6815	http://bmcearnosethroatdisord.biomedcentral.com/	2001	BIOMEDCENTRAL	bmcearnosethroatdisord.biomedcentral.com	bmcearnosethroatdisord
BioMed Central Ltd	BMC Ecology	BMC Ecol	1472-6785	http://bmcecol.biomedcentral.com/	2001	VANCOUVER	bmcecol.biomedcentral.com	bmcecol
BioMed Central Ltd	BMC Emergency Medicine	BMC Emerg Med	1471-227X	http://bmcemergmed.biomedcentral.com/	2001	VANCOUVER	bmcemergmed.biomedcentral.com	bmcemergmed
BioMed Central Ltd	BMC Endocrine Disorders	BMC Endocr Disord	1472-6823	http://bmcendocrdisord.biomedcentral.com/	2001	VANCOUVER	bmcendocrdisord.biomedcentral.com	bmcendocrdisord
BioMed Central Ltd	BMC Evolutionary Biology	BMC Evol Biol	1471-2148	http://bmcevolbiol.biomedcentral.com/	2001	VANCOUVER	bmcevolbiol.biomedcentral.com	bmcevolbiol
BioMed Central Ltd	BMC Family Practice	BMC Fam Pract	1471-2296	http://bmcfampract.biomedcentral.com/	2000	VANCOUVER	bmcfampract.biomedcentral.com	bmcfampract
BioMed Central Ltd	BMC Gastroenterology	BMC Gastroenterol	1471-230X	http://bmcgastroenterol.biomedcentral.com/	2001	BIOMEDCENTRAL	bmcgastroenterol.biomedcentral.com	bmcgastroenterol
BioMed Central Ltd	BMC Genetics	BMC Genet	1471-2156	http://bmcgenet.biomedcentral.com/	2000	VANCOUVER	bmcgenet.biomedcentral.com	bmcgenet
BioMed Central Ltd	BMC Genomics	BMC Genomics	1471-2164	http://bmcgenomics.biomedcentral.com/	2000	VANCOUVER	bmcgenomics.biomedcentral.com	bmcgenomics
BioMed Central Ltd	BMC Geriatrics	BMC Geriatr	1471-2318	http://bmcgeriatr.biomedcentral.com/	2001	BIOMEDCENTRAL	bmcgeriatr.biomedcentral.com	bmcgeriatr
BioMed Central Ltd	BMC Health Services Research	BMC Health Serv Res	1472-6963	http://bmchealthservres.biomedcentral.com/	2001	VANCOUVER	bmchealthservres.biomedcentral.com	bmchealthservres
BioMed Central Ltd	BMC Hematology	BMC Hematol	2052-1839	http://bmchematol.biomedcentral.com/	2001	VANCOUVER	bmchematol.biomedcentral.com	bmchematol
BioMed Central Ltd	BMC Immunology	BMC Immunol	1471-2172	http://bmcimmunol.biomedcentral.com/	2000	VANCOUVER	bmcimmunol.biomedcentral.com	bmcimmunol
BioMed Central Ltd	BMC Infectious Diseases	BMC Infect Dis	1471-2334	http://bmcinfectdis.biomedcentral.com/	2001	VANCOUVER	bmcinfectdis.biomedcentral.com	bmcinfectdis
BioMed Central Ltd	BMC International Health and Human Rights	BMC Int Health Hum Rights	1472-698X	http://bmcinthealthhumrights.biomedcentral.com/	2001	VANCOUVER	bmcinthealthhumrights.biomedcentral.com	bmcinthealthhumrights
BioMed Central Ltd	BMC Medical Education	BMC Med Educ	1472-6920	http://bmcmededuc.biomedcentral.com/	2001	VANCOUVER	bmcmededuc.biomedcentral.com	bmcmededuc
BioMed Central Ltd	BMC Medical Ethics	BMC Med Ethics	1472-6939	http://bmcmedethics.biomedcentral.com/	2000	VANCOUVER	bmcmedethics.biomedcentral.com	bmcmedethics
BioMed Central Ltd	BMC Medical Genetics	BMC Med Genet	1471-2350	http://bmcmedgenet.biomedcentral.com/	2000	VANCOUVER	bmcmedgenet.biomedcentral.com	bmcmedgenet
BioMed Central Ltd	BMC Medical Genomics	BMC Med Genomics	1755-8794	http://bmcmedgenomics.biomedcentral.com/	2008	BIOMEDCENTRAL	bmcmedgenomics.biomedcentral.com	bmcmedgenomics
BioMed Central Ltd	BMC Medicine	BMC Med	1741-7015	http://bmcmedicine.biomedcentral.com/	2003	VANCOUVER	bmcmedicine.biomedcentral.com	bmcmedicine
BioMed Central Ltd	BMC Medical Imaging	BMC Med Imaging	1471-2342	http://bmcmedimaging.biomedcentral.com/	2001	VANCOUVER	bmcmedimaging.biomedcentral.com	bmcmedimaging
BioMed Central Ltd	BMC Medical Informatics and Decision Making	BMC Med Inform Decis Mak	1472-6947	http://bmcmedinformdecismak.biomedcentral.com/	2001	VANCOUVER	bmcmedinformdecismak.biomedcentral.com	bmcmedinformdecismak
BioMed Central Ltd	BMC Medical Physics	BMC Med Phys	1756-6649	http://bmcmedphys.biomedcentral.com/	2001	VANCOUVER	bmcmedphys.biomedcentral.com	bmcmedphys
BioMed Central Ltd	BMC Medical Research Methodology	BMC Med Res Methodol	1471-2288	http://bmcmedresmethodol.biomedcentral.com/	2001	VANCOUVER	bmcmedresmethodol.biomedcentral.com	bmcmedresmethodol
BioMed Central Ltd	BMC Meeting Abstracts	bmc meeting abstracts	2048-4623	http://bmcmeetingabstracts.biomedcentral.com/	2011	BIOMEDCENTRAL	bmcmeetingabstracts.biomedcentral.com	bmcmeetingabstracts
BioMed Central Ltd	BMC Microbiology	BMC Microbiol	1471-2180	http://bmcmicrobiol.biomedcentral.com/	2001	VANCOUVER	bmcmicrobiol.biomedcentral.com	bmcmicrobiol
BioMed Central Ltd	BMC Molecular Biology	BMC Mol Biol	1471-2199	http://bmcmolbiol.biomedcentral.com/	2000	VANCOUVER	bmcmolbiol.biomedcentral.com	bmcmolbiol
BioMed Central Ltd	BMC Musculoskeletal Disorders	BMC Musculoskelet Disord	1471-2474	http://bmcmusculoskeletdisord.biomedcentral.com/	2000	VANCOUVER	bmcmusculoskeletdisord.biomedcentral.com	bmcmusculoskeletdisord
BioMed Central Ltd	BMC Nephrology	BMC Nephrol	1471-2369	http://bmcnephrol.biomedcentral.com/	2000	VANCOUVER	bmcnephrol.biomedcentral.com	bmcnephrol
BioMed Central Ltd	BMC Neurology	BMC Neurol	1471-2377	http://bmcneurol.biomedcentral.com/	2001	VANCOUVER	bmcneurol.biomedcentral.com	bmcneurol
BioMed Central Ltd	BMC Neuroscience	BMC Neurosci	1471-2202	http://bmcneurosci.biomedcentral.com/	2000	BIOMEDCENTRAL	bmcneurosci.biomedcentral.com	bmcneurosci
	BMC News and views			http://bmcnewsviews.biomedcentral.com/			bmcnewsviews.biomedcentral.com	bmcnewsviews
BioMed Central Ltd	BMC Nursing	BMC Nurs	1472-6955	http://bmcnurs.biomedcentral.com/	2002	BIOMEDCENTRAL	bmcnurs.biomedcentral.com	bmcnurs
BioMed Central Ltd	BMC Nutrition	BMC Nutr	2055-0928	http://bmcnutr.biomedcentral.com/	2014	BIOMEDCENTRAL	bmcnutr.biomedcentral.com	bmcnutr
BioMed Central Ltd	BMC Obesity	BMC Obes	2052-9538	http://bmcobes.biomedcentral.com/	2013	VANCOUVER	bmcobes.biomedcentral.com	bmcobes
BioMed Central Ltd	BMC Ophthalmology	BMC Ophthalmol	1471-2415	http://bmcophthalmol.biomedcentral.com/	2001	VANCOUVER	bmcophthalmol.biomedcentral.com	bmcophthalmol
BioMed Central Ltd	BMC Oral Health	BMC Oral Health	1472-6831	http://bmcoralhealth.biomedcentral.com/	2001	VANCOUVER	bmcoralhealth.biomedcentral.com	bmcoralhealth
BioMed Central Ltd	BMC Palliative Care	BMC Palliat Care	1472-684X	http://bmcpalliatcare.biomedcentral.com/	2002	VANCOUVER	bmcpalliatcare.biomedcentral.com	bmcpalliatcare
BioMed Central Ltd	BMC Pediatrics	BMC Pediatr	1471-2431	http://bmcpediatr.biomedcentral.com/	2001	VANCOUVER	bmcpediatr.biomedcentral.com	bmcpediatr
BioMed Central Ltd	BMC Physiology	BMC Physiol	1472-6793	http://bmcphysiol.biomedcentral.com/	2001	VANCOUVER	bmcphysiol.biomedcentral.com	bmcphysiol
BioMed Central Ltd	BMC Plant Biology	BMC Plant Biol	1471-2229	http://bmcplantbiol.biomedcentral.com/	2001	VANCOUVER	bmcplantbiol.biomedcentral.com	bmcplantbiol
BioMed Central Ltd	BMC Pregnancy and Childbirth	BMC Pregnancy Childbirth	1471-2393	http://bmcpregnancychildbirth.biomedcentral.com/	2001	VANCOUVER	bmcpregnancychildbirth.biomedcentral.com	bmcpregnancychildbirth
BioMed Central Ltd	BMC Proceedings	BMC Proc	1753-6561	http://bmcproc.biomedcentral.com/	2007	BIOMEDCENTRAL	bmcproc.biomedcentral.com	bmcproc
BioMed Central Ltd	BMC Psychiatry	BMC Psychiatry	1471-244X	http://bmcpsychiatry.biomedcentral.com/	2001	VANCOUVER	bmcpsychiatry.biomedcentral.com	bmcpsychiatry
BioMed Central Ltd	BMC Psychology	BMC Psychol	2050-7283	http://bmcpsychology.biomedcentral.com/	2012	VANCOUVER	bmcpsychology.biomedcentral.com	bmcpsychology
BioMed Central Ltd	BMC Public Health	BMC Public Health	1471-2458	http://bmcpublichealth.biomedcentral.com/	2001	VANCOUVER	bmcpublichealth.biomedcentral.com	bmcpublichealth
BioMed Central Ltd	BMC Pulmonary Medicine	BMC Pulm Med	1471-2466	http://bmcpulmmed.biomedcentral.com/	2001	VANCOUVER	bmcpulmmed.biomedcentral.com	bmcpulmmed
BioMed Central Ltd	BMC Research Notes	BMC Res Notes	1756-0500	http://bmcresnotes.biomedcentral.com/	2008	BIOMEDCENTRAL	bmcresnotes.biomedcentral.com	bmcresnotes
BioMed Central Ltd	BMC Sports Science, Medicine and Rehabilitation	BMC Sports Sci Med Rehabil	2052-1847	http://bmcsportsscimedrehabil.biomedcentral.com/	2013	VANCOUVER	bmcsportsscimedrehabil.biomedcentral.com	bmcsportsscimedrehabil
BioMed Central Ltd	BMC Structural Biology	BMC Struct Biol	1472-6807	http://bmcstructbiol.biomedcentral.com/	2001	VANCOUVER	bmcstructbiol.biomedcentral.com	bmcstructbiol
BioMed Central Ltd	BMC Surgery	BMC Surg	1471-2482	http://bmcsurg.biomedcentral.com/	2001	VANCOUVER	bmcsurg.biomedcentral.com	bmcsurg
BioMed Central Ltd	BMC Systems Biology	BMC Syst Biol	1752-0509	http://bmcsystbiol.biomedcentral.com/	2007	BIOMEDCENTRAL	bmcsystbiol.biomedcentral.com	bmcsystbiol
BioMed Central Ltd	BMC Urology	BMC Urol	1471-2490	http://bmcurol.biomedcentral.com/	2001	VANCOUVER	bmcurol.biomedcentral.com	bmcurol
BioMed Central Ltd	BMC Veterinary Research	BMC Vet Res	1746-6148	http://bmcvetres.biomedcentral.com/	2005	VANCOUVER	bmcvetres.biomedcentral.com	bmcvetres
BioMed Central Ltd	BMC Women's Health	BMC Womens Health	1472-6874	http://bmcwomenshealth.biomedcentral.com/	2001	VANCOUVER	bmcwomenshealth.biomedcentral.com	bmcwomenshealth
BioMed Central Ltd	Borderline Personality Disorder and Emotion Dysregulation	Bord Personal Disord Emot Dysregul	2051-6673	http://bpded.biomedcentral.com/	2013	VANCOUVER	bpded.biomedcentral.com	bpded
BioMed Central Ltd	BioPsychoSocial Medicine	BioPsychoSocial Med	1751-0759	http://bpsmedicine.biomedcentral.com/	2007	VANCOUVER	bpsmedicine.biomedcentral.com	bpsmedicine
BioMed Central Ltd	Breast Cancer Research	Breast Cancer Res	1465-5411	http://breast-cancer-research.biomedcentral.com/	1999	VANCOUVER	breast-cancer-research.biomedcentral.com	breast-cancer-research
BioMed Central Ltd	Biology of Sex Differences	Biol sex dif	2042-6410	http://bsd.biomedcentral.com/	2010	VANCOUVER	bsd.biomedcentral.com	bsd
BioMed Central Ltd	Burns & Trauma	Burn Trauma	2321-3876	http://burnstrauma.biomedcentral.com/	2015	VANCOUVER	burnstrauma.biomedcentral.com	burnstrauma
BioMed Central Ltd	Cancer & Metabolism	Cancer Metab	2049-3002	http://cancerandmetabolism.biomedcentral.com/	2012	VANCOUVER	cancerandmetabolism.biomedcentral.com	cancerandmetabolism
BioMed Central Ltd	Cancer Cell International	Cancer Cell Int	1475-2867	http://cancerci.biomedcentral.com/	2001	VANCOUVER	cancerci.biomedcentral.com	cancerci
BioMed Central Ltd	Cancer Imaging	Cancer Imaging	1470-7330	http://cancerimagingjournal.biomedcentral.com/	2014	VANCOUVER	cancerimagingjournal.biomedcentral.com	cancerimagingjournal
	Cancers of the Head & Neck		2059-7347	http://cancersheadneck.biomedcentral.com/			cancersheadneck.biomedcentral.com	cancersheadneck
BioMed Central Ltd	Child and Adolescent Psychiatry and Mental Health	Child Adolesc Psychiatry Ment Health	1753-2000	http://capmh.biomedcentral.com/	2007	VANCOUVER	capmh.biomedcentral.com	capmh
BioMed Central Ltd	Cardiovascular Diabetology	Cardiovasc Diabetol	1475-2840	http://cardiab.biomedcentral.com/	2002	VANCOUVER	cardiab.biomedcentral.com	cardiab
BioMed Central Ltd	Cardio-Oncology	Cardio-Oncology	2057-3804	http://cardiooncologyjournal.biomedcentral.com/	2015	VANCOUVER	cardiooncologyjournal.biomedcentral.com	cardiooncologyjournal
BioMed Central Ltd	Journal of Cardiothoracic Surgery	J Cardiothorac Surg	1749-8090	http://cardiothoracicsurgery.biomedcentral.com/	2006	VANCOUVER	cardiothoracicsurgery.biomedcentral.com	cardiothoracicsurgery
BioMed Central Ltd	Cardiovascular Ultrasound	Cardiovasc Ultrasound	1476-7120	http://cardiovascularultrasound.biomedcentral.com/	2003	VANCOUVER	cardiovascularultrasound.biomedcentral.com	cardiovascularultrasound
BioMed Central Ltd	Cases Journal	Cases J	1757-1626	http://casesjournal.biomedcentral.com/	2008	BIOMEDCENTRAL	casesjournal.biomedcentral.com	casesjournal
BioMed Central Ltd	Critical Care	Crit Care	1364-8535	http://ccforum.biomedcentral.com/	1997	VANCOUVER	ccforum.biomedcentral.com	ccforum
BioMed Central Ltd	Cell & Bioscience	Cell Biosci	2045-3701	http://cellandbioscience.biomedcentral.com/	2010	VANCOUVER	cellandbioscience.biomedcentral.com	cellandbioscience
BioMed Central Ltd	Cell Division	Cell Div	1747-1028	http://celldiv.biomedcentral.com/	2006	VANCOUVER	celldiv.biomedcentral.com	celldiv
BioMed Central Ltd	Cell Regeneration	Cell Regen	2045-9769	http://cellregenerationjournal.biomedcentral.com/	2012	VANCOUVER	cellregenerationjournal.biomedcentral.com	cellregenerationjournal
BioMed Central Ltd	Cerebellum & Ataxias	cerebellum ataxias	2053-8871	http://cerebellumandataxias.biomedcentral.com/	2014	BIOMEDCENTRAL	cerebellumandataxias.biomedcentral.com	cerebellumandataxias
BioMed Central Ltd	Canine Genetics and Epidemiology	Canine Genet Epidemiol	2052-6687	http://cgejournal.biomedcentral.com/	2013	VANCOUVER	cgejournal.biomedcentral.com	cgejournal
BioMed Central Ltd	Chiropractic & Manual Therapies	Chiropr Man Therap	2045-709X	http://chiromt.biomedcentral.com/	1992	VANCOUVER	chiromt.biomedcentral.com	chiromt
BioMed Central Ltd	Cilia	Cilia	2046-2530	http://ciliajournal.biomedcentral.com/	2012	VANCOUVER	ciliajournal.biomedcentral.com	ciliajournal
BioMed Central Ltd	Chinese Journal of Cancer	Chin J Cancer	1944-446X	http://cjcjournal.biomedcentral.com/	2015	VANCOUVER	cjcjournal.biomedcentral.com	cjcjournal
BioMed Central Ltd	Canadian Journal of Kidney Health and Disease	Can J Kidney Health Dis	2054-3581	http://cjkhd.biomedcentral.com/	2014	VANCOUVER	cjkhd.biomedcentral.com	cjkhd
BioMed Central Ltd	Climate Change Responses	Clim Chang Responses	2053-7565	http://climatechangeresponses.biomedcentral.com/	2013	VANCOUVER	climatechangeresponses.biomedcentral.com	climatechangeresponses
BioMed Central Ltd	Clinical Diabetes and Endocrinology	Clin Diabetes Endocrinol	2055-8260	http://clindiabetesendo.biomedcentral.com/	2014	BIOMEDCENTRAL	clindiabetesendo.biomedcentral.com	clindiabetesendo
BioMed Central Ltd	Clinical Epigenetics	Clin Epigenetics	1868-7083	http://clinicalepigeneticsjournal.biomedcentral.com/	2011	VANCOUVER	clinicalepigeneticsjournal.biomedcentral.com	clinicalepigeneticsjournal
BioMed Central Ltd	Clinical Hypertension	Clin Hypertens	2056-5909	http://clinicalhypertension.biomedcentral.com/	2015	VANCOUVER	clinicalhypertension.biomedcentral.com	clinicalhypertension
BioMed Central Ltd	Clinical and Molecular Allergy	Clin Mol Allergy	1476-7961	http://clinicalmolecularallergy.biomedcentral.com/	2003	VANCOUVER	clinicalmolecularallergy.biomedcentral.com	clinicalmolecularallergy
BioMed Central Ltd	Journal of Clinical Movement Disorders	J Clin Mov Disord	2054-7072	http://clinicalmovementdisorders.biomedcentral.com/	2014	BIOMEDCENTRAL	clinicalmovementdisorders.biomedcentral.com	clinicalmovementdisorders
BioMed Central Ltd	Clinical Proteomics	Clin Proteomics	1559-0275	http://clinicalproteomicsjournal.biomedcentral.com/	2011	VANCOUVER	clinicalproteomicsjournal.biomedcentral.com	clinicalproteomicsjournal
BioMed Central Ltd	Clinical Sarcoma Research	Clin Sarcoma Res	2045-3329	http://clinicalsarcomaresearch.biomedcentral.com/	2010	VANCOUVER	clinicalsarcomaresearch.biomedcentral.com	clinicalsarcomaresearch
BioMed Central Ltd	Chinese Medicine	Chin Med	1749-8546	http://cmjournal.biomedcentral.com/	2006	BIOMEDCENTRAL	cmjournal.biomedcentral.com	cmjournal
BioMed Central Ltd	Chinese Neurosurgical Journal	Chin Neurosurg J	2057-4967	http://cnjournal.biomedcentral.com/	2015	VANCOUVER	cnjournal.biomedcentral.com	cnjournal
BioMed Central Ltd	Comparative Hepatology	Comp Hepatol	1476-5926	http://comparative-hepatology.biomedcentral.com/	2002	BIOMEDCENTRAL	comparative-hepatology.biomedcentral.com	comparative-hepatology
BioMed Central Ltd	Conflict and Health	Confl Health	1752-1505	http://conflictandhealth.biomedcentral.com/	2007	VANCOUVER	conflictandhealth.biomedcentral.com	conflictandhealth
BioMed Central Ltd	COPD Research and Practice	COPD Research and Practice	2054-9040	http://copdrp.biomedcentral.com/	2014	VANCOUVER	copdrp.biomedcentral.com	copdrp
BioMed Central Ltd	Clinical and Translational Allergy	Clin Transl Allergy	2045-7022	http://ctajournal.biomedcentral.com/	2011	BIOMEDCENTRAL	ctajournal.biomedcentral.com	ctajournal
BioMed Central Ltd	CytoJournal	Cytojournal	1742-6413	http://cytojournal.biomedcentral.com/	2004	BIOMEDCENTRAL	cytojournal.biomedcentral.com	cytojournal
BioMed Central Ltd	DARU Journal of Pharmaceutical Sciences	DARU	2008-2231	http://darujps.biomedcentral.com/	2012	VANCOUVER	darujps.biomedcentral.com	darujps
BioMed Central Ltd	Diagnostic Pathology	Diagn Pathol	1746-1596	http://diagnosticpathology.biomedcentral.com/	2006	VANCOUVER	diagnosticpathology.biomedcentral.com	diagnosticpathology
BioMed Central Ltd	Disaster and Military Medicine	disaster and mil med	2054-314X	http://disastermilitarymedicine.biomedcentral.com/	2014	BIOMEDCENTRAL	disastermilitarymedicine.biomedcentral.com	disastermilitarymedicine
BioMed Central Ltd	Diabetology & Metabolic Syndrome	Diabetol Metab Syndr	1758-5996	http://dmsjournal.biomedcentral.com/	2009	BIOMEDCENTRAL	dmsjournal.biomedcentral.com	dmsjournal
BioMed Central Ltd	Eye and Vision	Eye and Vis	2326-0254	http://eandv.biomedcentral.com/	2014	BIOMEDCENTRAL	eandv.biomedcentral.com	eandv
BioMed Central Ltd	eHealth International	eHealth Int	1476-3591	http://ehealthinternational.biomedcentral.com/	0	BIOMEDCENTRAL	ehealthinternational.biomedcentral.com	ehealthinternational
BioMed Central Ltd	Environmental Health	Environ Health	1476-069X	http://ehjournal.biomedcentral.com/	2002	VANCOUVER	ehjournal.biomedcentral.com	ehjournal
BioMed Central Ltd	Experimental Hematology & Oncology	Exp Hematol Oncol	2162-3619	http://ehoonline.biomedcentral.com/	2012	VANCOUVER	ehoonline.biomedcentral.com	ehoonline
BioMed Central Ltd	Environmental Evidence	Environ Evid	2047-2382	http://environmentalevidencejournal.biomedcentral.com/	2011	VANCOUVER	environmentalevidencejournal.biomedcentral.com	environmentalevidencejournal
BioMed Central Ltd	Epidemiologic Perspectives & Innovations	Epidemiol Perspect Innov	1742-5573	http://epi-perspectives.biomedcentral.com/	2004	BIOMEDCENTRAL	epi-perspectives.biomedcentral.com	epi-perspectives
BioMed Central Ltd	Epigenetics & Chromatin	Epigenetics & Chromatin	1756-8935	http://epigeneticsandchromatin.biomedcentral.com/	2008	VANCOUVER	epigeneticsandchromatin.biomedcentral.com	epigeneticsandchromatin
BioMed Central Ltd	EPMA Journal	EPMA J	1878-5085	http://epmajournal.biomedcentral.com/	2012	VANCOUVER	epmajournal.biomedcentral.com	epmajournal
BioMed Central Ltd	International Journal for Equity in Health	Int J Equity Health	1475-9276	http://equityhealthj.biomedcentral.com/	2002	VANCOUVER	equityhealthj.biomedcentral.com	equityhealthj
BioMed Central Ltd	Emerging Themes in Epidemiology	Emerg Themes Epidemiol	1742-7622	http://ete-online.biomedcentral.com/	2004	VANCOUVER	ete-online.biomedcentral.com	ete-online
BioMed Central Ltd	Journal of Ethnobiology and Ethnomedicine	J Ethnobiology Ethnomedicine	1746-4269	http://ethnobiomed.biomedcentral.com/	2005	VANCOUVER	ethnobiomed.biomedcentral.com	ethnobiomed
BioMed Central Ltd	Experimental & Translational Stroke Medicine	Exp Transl Stroke Med	2040-7378	http://etsmjournal.biomedcentral.com/	2009	VANCOUVER	etsmjournal.biomedcentral.com	etsmjournal
BioMed Central Ltd	European Review of Aging and Physical Activity	Eur Rev Aging Phys Act	1861-6909	http://eurapa.biomedcentral.com/	2014	BIOMEDCENTRAL	eurapa.biomedcentral.com	eurapa
BioMed Central Ltd	European Journal of Medical Research	Eur J Med Res	2047-783X	http://eurjmedres.biomedcentral.com/	2011	VANCOUVER	eurjmedres.biomedcentral.com	eurjmedres
BioMed Central Ltd	EvoDevo	EvoDevo	2041-9139	http://evodevojournal.biomedcentral.com/	2010	VANCOUVER	evodevojournal.biomedcentral.com	evodevojournal
BioMed Central Ltd	Extreme Physiology & Medicine	extrem physiol med	2046-7648	http://extremephysiolmed.biomedcentral.com/	2011	VANCOUVER	extremephysiolmed.biomedcentral.com	extremephysiolmed
	Fisheries and Aquatic Sciences		2234-1757	http://fas.biomedcentral.com/			fas.biomedcentral.com	fas
BioMed Central Ltd	Fertility Research and Practice	Fertil Res Pract	2054-7099	http://fertilityresearchandpractice.biomedcentral.com/	2014	BIOMEDCENTRAL	fertilityresearchandpractice.biomedcentral.com	fertilityresearchandpractice
BioMed Central Ltd	Fibrogenesis & Tissue Repair	Fibrogenesis Tissue Repair	1755-1536	http://fibrogenesis.biomedcentral.com/	2008	VANCOUVER	fibrogenesis.biomedcentral.com	fibrogenesis
BioMed Central Ltd	Flavour	Flavour	2044-7248	http://flavourjournal.biomedcentral.com/	2012	VANCOUVER	flavourjournal.biomedcentral.com	flavourjournal
BioMed Central Ltd	Fluids and Barriers of the CNS	Fluids Barriers CNS	2045-8118	http://fluidsbarrierscns.biomedcentral.com/	2004	BIOMEDCENTRAL	fluidsbarrierscns.biomedcentral.com	fluidsbarrierscns
BioMed Central Ltd	Frontiers in Zoology	Front Zool	1742-9994	http://frontiersinzoology.biomedcentral.com/	2004	VANCOUVER	frontiersinzoology.biomedcentral.com	frontiersinzoology
BioMed Central Ltd	Fungal Biology and Biotechnology	Fungal Biol Biotechnol	2054-3085	http://fungalbiolbiotech.biomedcentral.com/	2014	VANCOUVER	fungalbiolbiotech.biomedcentral.com	fungalbiolbiotech
	Genes & Nutrition			http://genesandnutrition.biomedcentral.com/			genesandnutrition.biomedcentral.com	genesandnutrition
BioMed Central Ltd	Genes and Environment	Genes and Environ	1880-7062	http://genesenvironment.biomedcentral.com/	2015	VANCOUVER	genesenvironment.biomedcentral.com	genesenvironment
BioMed Central Ltd	Genome Biology	Genome Biol	1465-6906	http://genomebiology.biomedcentral.com/	2000	VANCOUVER	genomebiology.biomedcentral.com	genomebiology
BioMed Central Ltd	Genome Integrity	Genome Integr	2041-9414	http://genomeintegrity.biomedcentral.com/	2010	BIOMEDCENTRAL	genomeintegrity.biomedcentral.com	genomeintegrity
BioMed Central Ltd	Genome Medicine	Genome Med	1756-994X	http://genomemedicine.biomedcentral.com/	2009	VANCOUVER	genomemedicine.biomedcentral.com	genomemedicine
	Global Health Research and Policy		2397-0642	http://ghrp.biomedcentral.com/			ghrp.biomedcentral.com	ghrp
BioMed Central Ltd	GigaScience	Giga Sci	2047-217X	http://gigascience.biomedcentral.com/	2011	VANCOUVER	gigascience.biomedcentral.com	gigascience
BioMed Central Ltd	Globalization and Health	Global Health	1744-8603	http://globalizationandhealth.biomedcentral.com/	2005	VANCOUVER	globalizationandhealth.biomedcentral.com	globalizationandhealth
BioMed Central Ltd	Genetics Selection Evolution	Genet Sel Evol	1297-9686	http://gsejournal.biomedcentral.com/	1969	VANCOUVER	gsejournal.biomedcentral.com	gsejournal
BioMed Central Ltd	Gut Pathogens	Gut Pathog	1757-4749	http://gutpathogens.biomedcentral.com/	2009	VANCOUVER	gutpathogens.biomedcentral.com	gutpathogens
BioMed Central Ltd	Gynecologic Oncology Research and Practice	gynecol oncol res and pract	2053-6844	http://gynoncrp.biomedcentral.com/	2014	BIOMEDCENTRAL	gynoncrp.biomedcentral.com	gynoncrp
BioMed Central Ltd	Harm Reduction Journal	Harm Reduct J	1477-7517	http://harmreductionjournal.biomedcentral.com/	2004	VANCOUVER	harmreductionjournal.biomedcentral.com	harmreductionjournal
BioMed Central Ltd	Hereditary Cancer in Clinical Practice	Hered Cancer Clin Pract	1897-4287	http://hccpjournal.biomedcentral.com/	2003	VANCOUVER	hccpjournal.biomedcentral.com	hccpjournal
BioMed Central Ltd	Head & Face Medicine	Head Face Med	1746-160X	http://head-face-med.biomedcentral.com/	2005	VANCOUVER	head-face-med.biomedcentral.com	head-face-med
BioMed Central Ltd	Head & Neck Oncology	Head Neck Oncol	1758-3284	http://headandneckoncology.biomedcentral.com/	2009	BIOMEDCENTRAL	headandneckoncology.biomedcentral.com	headandneckoncology
BioMed Central Ltd	Health Research Policy and Systems	Health Res Policy Sys	1478-4505	http://health-policy-systems.biomedcentral.com/	2003	VANCOUVER	health-policy-systems.biomedcentral.com	health-policy-systems
BioMed Central Ltd	Hereditas	hereditas	1601-5223	http://hereditasjournal.biomedcentral.com/	2015	BIOMEDCENTRAL	hereditasjournal.biomedcentral.com	hereditasjournal
BioMed Central Ltd	Herpesviridae	Herpesviridae	2042-4280	http://herpesviridae.biomedcentral.com/	2010	BIOMEDCENTRAL	herpesviridae.biomedcentral.com	herpesviridae
BioMed Central Ltd	Health Information Science and Systems	Health Inf Sci Syst	2047-2501	http://hissjournal.biomedcentral.com/	2012	VANCOUVER	hissjournal.biomedcentral.com	hissjournal
	Hepatology, Medicine and Policy		2059-5166	http://hmap.biomedcentral.com/			hmap.biomedcentral.com	hmap
	Helgoland Marine Research		1438-3888	http://hmr.biomedcentral.com/			hmr.biomedcentral.com	hmr
BioMed Central Ltd	Health and Quality of Life Outcomes	Health Qual Life Outcomes	1477-7525	http://hqlo.biomedcentral.com/	2003	VANCOUVER	hqlo.biomedcentral.com	hqlo
BioMed Central Ltd	Human Resources for Health	Hum Resour Health	1478-4491	http://human-resources-health.biomedcentral.com/	2003	VANCOUVER	human-resources-health.biomedcentral.com	human-resources-health
BioMed Central Ltd	Human Genomics	Hum Genomics	1479-7364	http://humgenomics.biomedcentral.com/	2003	VANCOUVER	humgenomics.biomedcentral.com	humgenomics
BioMed Central Ltd	Infectious Diseases of Poverty	Infect Dis Poverty	2049-9957	http://idpjournal.biomedcentral.com/	2012	BIOMEDCENTRAL	idpjournal.biomedcentral.com	idpjournal
BioMed Central Ltd	International Journal of Health Geographics	Int J Health Geogr	1476-072X	http://ij-healthgeographics.biomedcentral.com/	2002	BIOMEDCENTRAL	ij-healthgeographics.biomedcentral.com	ij-healthgeographics
BioMed Central Ltd	International Journal of Behavioral Nutrition and Physical Activity	Int J Behav Nutr Phys Act	1479-5868	http://ijbnpa.biomedcentral.com/	2004	VANCOUVER	ijbnpa.biomedcentral.com	ijbnpa
BioMed Central Ltd	Israel Journal of Health Policy Research	Isr J of Health Policy Res	2045-4015	http://ijhpr.biomedcentral.com/	2012	VANCOUVER	ijhpr.biomedcentral.com	ijhpr
BioMed Central Ltd	International Journal of Mental Health Systems	Int J Ment Health Syst	1752-4458	http://ijmhs.biomedcentral.com/	2007	VANCOUVER	ijmhs.biomedcentral.com	ijmhs
BioMed Central Ltd	International Journal of Pediatric Endocrinology	Int J Pediatr Endocrinol	1687-9856	http://ijpeonline.biomedcentral.com/	2011	VANCOUVER	ijpeonline.biomedcentral.com	ijpeonline
BioMed Central Ltd	Italian Journal of Pediatrics	Ital J Pediatr	1824-7288	http://ijponline.biomedcentral.com/	2008	BIOMEDCENTRAL	ijponline.biomedcentral.com	ijponline
BioMed Central Ltd	Immunity & Ageing	Immun Ageing	1742-4933	http://immunityageing.biomedcentral.com/	2004	VANCOUVER	immunityageing.biomedcentral.com	immunityageing
BioMed Central Ltd	Implementation Science	Implementation Sci	1748-5908	http://implementationscience.biomedcentral.com/	2006	VANCOUVER	implementationscience.biomedcentral.com	implementationscience
BioMed Central Ltd	Infectious Agents and Cancer	Infect Agents Cancer	1750-9378	http://infectagentscancer.biomedcentral.com/	2006	VANCOUVER	infectagentscancer.biomedcentral.com	infectagentscancer
BioMed Central Ltd	Inflammation and Regeneration	inflamm and regeneration	1880-8190	http://inflammregen.biomedcentral.com/	2016	n/a	inflammregen.biomedcentral.com	inflammregen
BioMed Central Ltd	International Archives of Medicine	Int Arch Med	1755-7682	http://intarchmed.biomedcentral.com/	2008	BIOMEDCENTRAL	intarchmed.biomedcentral.com	intarchmed
BioMed Central Ltd	International Breastfeeding Journal	Int Breastfeed J	1746-4358	http://internationalbreastfeedingjournal.biomedcentral.com/	2006	VANCOUVER	internationalbreastfeedingjournal.biomedcentral.com	internationalbreastfeedingjournal
BioMed Central Ltd	Investigative Genetics	Invest Genet	2041-2223	http://investigativegenetics.biomedcentral.com/	2010	VANCOUVER	investigativegenetics.biomedcentral.com	investigativegenetics
BioMed Central Ltd	Irish Veterinary Journal	irvetj	2046-0481	http://irishvetjournal.biomedcentral.com/	2004	VANCOUVER	irishvetjournal.biomedcentral.com	irishvetjournal
BioMed Central Ltd	Journal of Animal Science and Technology	J Anim Sci Technol	2055-0391	http://janimscitechnol.biomedcentral.com/	2014	VANCOUVER	janimscitechnol.biomedcentral.com	janimscitechnol
BioMed Central Ltd	Journal of Animal Science and Biotechnology	J Anim Sci Biotechnol	2049-1891	http://jasbsci.biomedcentral.com/	2012	BIOMEDCENTRAL	jasbsci.biomedcentral.com	jasbsci
BioMed Central Ltd	Journal of Biological Engineering	J Biol Eng	1754-1611	http://jbioleng.biomedcentral.com/	2007	VANCOUVER	jbioleng.biomedcentral.com	jbioleng
BioMed Central Ltd	Journal of Biological Research-Thessaloniki	J Biol Res-Thessalon	2241-5793	http://jbiolres.biomedcentral.com/	2014	VANCOUVER	jbiolres.biomedcentral.com	jbiolres
BioMed Central Ltd	Journal of Biomedical Science	J Biomed Sci	1423-0127	http://jbiomedsci.biomedcentral.com/	2009	VANCOUVER	jbiomedsci.biomedcentral.com	jbiomedsci
BioMed Central Ltd	Journal of Biomedical Semantics	J Biomed Sem	2041-1480	http://jbiomedsem.biomedcentral.com/	2010	VANCOUVER	jbiomedsem.biomedcentral.com	jbiomedsem
BioMed Central Ltd	Journal of Brachial Plexus and Peripheral Nerve Injury	J Brachial Plexus Peripher Nerve Inj	1749-7221	http://jbppni.biomedcentral.com/	2006	BIOMEDCENTRAL	jbppni.biomedcentral.com	jbppni
BioMed Central Ltd	Journal of Circadian Rhythms	J Circad Rhythms	1740-3391	http://jcircadianrhythms.biomedcentral.com/	2003	BIOMEDCENTRAL	jcircadianrhythms.biomedcentral.com	jcircadianrhythms
BioMed Central Ltd	Journal of Clinical Bioinformatics	J Clin Bioinformatics	2043-9113	http://jclinbioinformatics.biomedcentral.com/	2011	BIOMEDCENTRAL	jclinbioinformatics.biomedcentral.com	jclinbioinformatics
BioMed Central Ltd	Journal of Cardiovascular Magnetic Resonance	J Cardiovasc Magn Reson	1532-429X	http://jcmr-online.biomedcentral.com/	2008	VANCOUVER	jcmr-online.biomedcentral.com	jcmr-online
BioMed Central Ltd	Journal of Compassionate Health Care	J Compassionate Health Care	2053-2393	http://jcompassionatehc.biomedcentral.com/	2014	VANCOUVER	jcompassionatehc.biomedcentral.com	jcompassionatehc
	Journal of Congenital Cardiology		2056-7251	http://jcongenitalcardiology.biomedcentral.com/			jcongenitalcardiology.biomedcentral.com	jcongenitalcardiology
BioMed Central Ltd	Journal of Diabetes & Metabolic Disorders	J Diabetes Metab Disord	2251-6581	http://jdmdonline.biomedcentral.com/	2012	VANCOUVER	jdmdonline.biomedcentral.com	jdmdonline
BioMed Central Ltd	Journal of Eating Disorders	J Eat Disord	2050-2974	http://jeatdisord.biomedcentral.com/	2012	VANCOUVER	jeatdisord.biomedcentral.com	jeatdisord
BioMed Central Ltd	Journal of Experimental & Clinical Assisted Reproduction	J Exp Clin Assist Reprod	1743-1050	http://jecar.biomedcentral.com/	2004	BIOMEDCENTRAL	jecar.biomedcentral.com	jecar
BioMed Central Ltd	Journal of Experimental & Clinical Cancer Research	J Exp Clin Cancer Res	1756-9966	http://jeccr.biomedcentral.com/	2008	VANCOUVER	jeccr.biomedcentral.com	jeccr
BioMed Central Ltd	Journal of Environmental Health Science and Engineering	J Environ Health Sci Eng	2052-336X	http://jehse.biomedcentral.com/	2012	VANCOUVER	jehse.biomedcentral.com	jehse
BioMed Central Ltd	Journal of Foot and Ankle Research	J Foot Ankle Res	1757-1146	http://jfootankleres.biomedcentral.com/	2008	VANCOUVER	jfootankleres.biomedcentral.com	jfootankleres
BioMed Central Ltd	Journal of Hematology & Oncology	J Hematol Oncol	1756-8722	http://jhoonline.biomedcentral.com/	2008	VANCOUVER	jhoonline.biomedcentral.com	jhoonline
BioMed Central Ltd	Journal of Health, Population and Nutrition	J Health Popul Nutr	2072-1315	http://jhpn.biomedcentral.com/	2015	BIOMEDCENTRAL	jhpn.biomedcentral.com	jhpn
BioMed Central Ltd	Journal of the International AIDS Society	J Int AIDS Soc	1758-2652	http://jiasociety.biomedcentral.com/	2004	BIOMEDCENTRAL	jiasociety.biomedcentral.com	jiasociety
BioMed Central Ltd	Journal of Intensive Care	J Intensive Care	2052-0492	http://jintensivecare.biomedcentral.com/	2013	VANCOUVER	jintensivecare.biomedcentral.com	jintensivecare
BioMed Central Ltd	Journal of the International Society of Sports Nutrition	J Int Soc Sports Nutr	1550-2783	http://jissn.biomedcentral.com/	2004	VANCOUVER	jissn.biomedcentral.com	jissn
BioMed Central Ltd	Journal for ImmunoTherapy of Cancer	J Immunother Cancer	2051-1426	http://jitc.biomedcentral.com/	2012	VANCOUVER	jitc.biomedcentral.com	jitc
BioMed Central Ltd	Journal of Medical Case Reports	J Med Case Rep	1752-1947	http://jmedicalcasereports.biomedcentral.com/	2007	VANCOUVER	jmedicalcasereports.biomedcentral.com	jmedicalcasereports
BioMed Central Ltd	Journal of Molecular Psychiatry	J Mol Psychiatry	2049-9256	http://jmolecularpsychiatry.biomedcentral.com/	2012	VANCOUVER	jmolecularpsychiatry.biomedcentral.com	jmolecularpsychiatry
BioMed Central Ltd	Journal of Molecular Signaling	J Mol Signal	1750-2187	http://jmolecularsignaling.biomedcentral.com/	2006	BIOMEDCENTRAL	jmolecularsignaling.biomedcentral.com	jmolecularsignaling
BioMed Central Ltd	Journal of Nanobiotechnology	J Nanobiotechnol	1477-3155	http://jnanobiotechnology.biomedcentral.com/	2003	VANCOUVER	jnanobiotechnology.biomedcentral.com	jnanobiotechnology
BioMed Central Ltd	Journal of Neurodevelopmental Disorders	J Neurodev Disord	1866-1955	http://jneurodevdisorders.biomedcentral.com/	2009	VANCOUVER	jneurodevdisorders.biomedcentral.com	jneurodevdisorders
BioMed Central Ltd	Journal of NeuroEngineering and Rehabilitation	J NeuroEngineering Rehabil	1743-0003	http://jneuroengrehab.biomedcentral.com/	2004	VANCOUVER	jneuroengrehab.biomedcentral.com	jneuroengrehab
BioMed Central Ltd	Journal of Neuroinflammation	J Neuroinflammation	1742-2094	http://jneuroinflammation.biomedcentral.com/	2004	BIOMEDCENTRAL	jneuroinflammation.biomedcentral.com	jneuroinflammation
BioMed Central Ltd	Journal of Negative Results in BioMedicine	J Negat Results BioMed	1477-5751	http://jnrbm.biomedcentral.com/	2002	VANCOUVER	jnrbm.biomedcentral.com	jnrbm
BioMed Central Ltd	Journal of Pharmaceutical Policy and Practice	J Pharm Policy and Pract	2052-3211	http://joppp.biomedcentral.com/	2013	BIOMEDCENTRAL	joppp.biomedcentral.com	joppp
BioMed Central Ltd	Journal of Orthopaedic Surgery and Research	J Orthop Surg Res	1749-799X	http://josr-online.biomedcentral.com/	2006	VANCOUVER	josr-online.biomedcentral.com	josr-online
BioMed Central Ltd	Journal of Inflammation	J Inflamm	1476-9255	http://journal-inflammation.biomedcentral.com/	2004	VANCOUVER	journal-inflammation.biomedcentral.com	journal-inflammation
BioMed Central Ltd	Journal of Otolaryngology - Head & Neck Surgery	J Otolaryngol - Head Neck Surg	1916-0216	http://journalotohns.biomedcentral.com/	2013	VANCOUVER	journalotohns.biomedcentral.com	journalotohns
BioMed Central Ltd	International Journal of Retina and Vitreous	Int J Retin Vitr	2056-9920	http://journalretinavitreous.biomedcentral.com/	2014	VANCOUVER	journalretinavitreous.biomedcentral.com	journalretinavitreous
BioMed Central Ltd	Journal of Pharmaceutical Health Care and Sciences	J Pharm Health Care Sci	2055-0294	http://jphcs.biomedcentral.com/	2014	VANCOUVER	jphcs.biomedcentral.com	jphcs
BioMed Central Ltd	Journal of Physiological Anthropology	J Physiol Anthropol	1880-6805	http://jphysiolanthropol.biomedcentral.com/	2012	VANCOUVER	jphysiolanthropol.biomedcentral.com	jphysiolanthropol
BioMed Central Ltd	Journal of Therapeutic Ultrasound	J Ther Ultrasound	2050-5736	http://jtultrasound.biomedcentral.com/	2013	VANCOUVER	jtultrasound.biomedcentral.com	jtultrasound
BioMed Central Ltd	Journal of Venomous Animals and Toxins including Tropical Diseases	J Venom Anim Toxins incl Trop Dis	1678-9199	http://jvat.biomedcentral.com/	2013	VANCOUVER	jvat.biomedcentral.com	jvat
	Kidney Disease and Transplantation		2058-511X	http://kidneydistransplant.biomedcentral.com/			kidneydistransplant.biomedcentral.com	kidneydistransplant
BioMed Central Ltd	Lipids in Health and Disease	Lipids Health Dis	1476-511X	http://lipidworld.biomedcentral.com/	2002	VANCOUVER	lipidworld.biomedcentral.com	lipidworld
BioMed Central Ltd	Longevity & Healthspan	Longevity Healthspan	2046-2395	http://longevityandhealthspan.biomedcentral.com/	2012	BIOMEDCENTRAL	longevityandhealthspan.biomedcentral.com	longevityandhealthspan
BioMed Central Ltd	Malaria Journal	Malar J	1475-2875	http://malariajournal.biomedcentral.com/	2002	VANCOUVER	malariajournal.biomedcentral.com	malariajournal
	Marine Biodiversity Records		1755-2672	http://beta.mbr.biomedcentral.com/			beta.mbr.biomedcentral.com	mbr
BioMed Central Ltd	Medical Immunology	Med Immunol	1476-9433	http://medimmunol.biomedcentral.com/	2002	BIOMEDCENTRAL	medimmunol.biomedcentral.com	medimmunol
BioMed Central Ltd	Maternal Health, Neonatology and Perinatology	Matern Health Neonatol Perinatol	2054-958X	http://mhnpjournal.biomedcentral.com/	2014	VANCOUVER	mhnpjournal.biomedcentral.com	mhnpjournal
BioMed Central Ltd	Microbial Cell Factories	Microb Cell Fact	1475-2859	http://microbialcellfactories.biomedcentral.com/	2002	BIOMEDCENTRAL	microbialcellfactories.biomedcentral.com	microbialcellfactories
BioMed Central Ltd	Microbial Informatics and Experimentation	Microb Inform Exp	2042-5783	http://microbialinformaticsj.biomedcentral.com/	2011	BIOMEDCENTRAL	microbialinformaticsj.biomedcentral.com	microbialinformaticsj
BioMed Central Ltd	Microbiome	Microbiome	2049-2618	http://microbiomejournal.biomedcentral.com/	2012	VANCOUVER	microbiomejournal.biomedcentral.com	microbiomejournal
BioMed Central Ltd	Military Medical Research	Military Med Res	2054-9369	http://mmrjournal.biomedcentral.com/	2014	VANCOUVER	mmrjournal.biomedcentral.com	mmrjournal
BioMed Central Ltd	Mobile DNA	Mobile DNA	1759-8753	http://mobilednajournal.biomedcentral.com/	2010	VANCOUVER	mobilednajournal.biomedcentral.com	mobilednajournal
BioMed Central Ltd	Molecular and Cellular Therapies	Mol and Cell Ther	2052-8426	http://molcelltherapies.biomedcentral.com/	2013	VANCOUVER	molcelltherapies.biomedcentral.com	molcelltherapies
BioMed Central Ltd	Molecular Cancer	Mol Cancer	1476-4598	http://molecular-cancer.biomedcentral.com/	2002	VANCOUVER	molecular-cancer.biomedcentral.com	molecular-cancer
BioMed Central Ltd	Molecular Autism	Mol Autism	2040-2392	http://molecularautism.biomedcentral.com/	2010	BIOMEDCENTRAL	molecularautism.biomedcentral.com	molecularautism
BioMed Central Ltd	Molecular Brain	Mol Brain	1756-6606	http://molecularbrain.biomedcentral.com/	2008	VANCOUVER	molecularbrain.biomedcentral.com	molecularbrain
BioMed Central Ltd	Molecular Cytogenetics	Mol Cytogenet	1755-8166	http://molecularcytogenetics.biomedcentral.com/	2008	VANCOUVER	molecularcytogenetics.biomedcentral.com	molecularcytogenetics
BioMed Central Ltd	Molecular Neurodegeneration	Mol Neurodegeneration	1750-1326	http://molecularneurodegeneration.biomedcentral.com/	2006	VANCOUVER	molecularneurodegeneration.biomedcentral.com	molecularneurodegeneration
BioMed Central Ltd	Molecular Pain	Mol Pain	1744-8069	http://molecularpain.biomedcentral.com/	2005	BIOMEDCENTRAL	molecularpain.biomedcentral.com	molecularpain
BioMed Central Ltd	Movement Ecology	Mov Ecol	2051-3933	http://movementecologyjournal.biomedcentral.com/	2013	VANCOUVER	movementecologyjournal.biomedcentral.com	movementecologyjournal
BioMed Central Ltd	Multidisciplinary Respiratory Medicine	Multidiscip Respir Med	2049-6958	http://mrmjournal.biomedcentral.com/	2006	VANCOUVER	mrmjournal.biomedcentral.com	mrmjournal
BioMed Central Ltd	Neural Development	Neural Dev	1749-8104	http://neuraldevelopment.biomedcentral.com/	2006	BIOMEDCENTRAL	neuraldevelopment.biomedcentral.com	neuraldevelopment
BioMed Central Ltd	Neural Systems & Circuits	Neural Syst Circuits	2042-1001	http://neuralsystemsandcircuits.biomedcentral.com/	2011	BIOMEDCENTRAL	neuralsystemsandcircuits.biomedcentral.com	neuralsystemsandcircuits
	NeuroMetals		2058-1645	http://neurometals.biomedcentral.com/			neurometals.biomedcentral.com	neurometals
BioMed Central Ltd	Nonlinear Biomedical Physics	Nonlinear Biomed Phys	1753-4631	http://nonlinearbiomedphys.biomedcentral.com/	2007	BIOMEDCENTRAL	nonlinearbiomedphys.biomedcentral.com	nonlinearbiomedphys
BioMed Central Ltd	Neuropsychiatric Electrophysiology	Neuropsychiatr Electrophysiol	2055-4788	http://npepjournal.biomedcentral.com/	2014	VANCOUVER	npepjournal.biomedcentral.com	npepjournal
	Nutrire		2316-7874	http://nutrirejournal.biomedcentral.com/			nutrirejournal.biomedcentral.com	nutrirejournal
BioMed Central Ltd	Nutrition & Metabolism	Nutr Metab (Lond)	1743-7075	http://nutritionandmetabolism.biomedcentral.com/	2004	VANCOUVER	nutritionandmetabolism.biomedcentral.com	nutritionandmetabolism
BioMed Central Ltd	Nutrition Journal	Nutr J	1475-2891	http://nutritionj.biomedcentral.com/	2002	VANCOUVER	nutritionj.biomedcentral.com	nutritionj
BioMed Central Ltd	Neurovascular Imaging	Neurovasc Imaging	2055-5792	http://nvijournal.biomedcentral.com/	2014	BIOMEDCENTRAL	nvijournal.biomedcentral.com	nvijournal
BioMed Central Ltd	Journal of Occupational Medicine and Toxicology	J Occup Med Toxicol	1745-6673	http://occup-med.biomedcentral.com/	2006	VANCOUVER	occup-med.biomedcentral.com	occup-med
BioMed Central Ltd	Orphanet Journal of Rare Diseases	Orphanet J Rare Dis	1750-1172	http://ojrd.biomedcentral.com/	2006	VANCOUVER	ojrd.biomedcentral.com	ojrd
BioMed Central Ltd	Journal of Ovarian Research	J Ovarian Res	1757-2215	http://ovarianresearch.biomedcentral.com/	2008	VANCOUVER	ovarianresearch.biomedcentral.com	ovarianresearch
BioMed Central Ltd	Parasites & Vectors	Parasit Vectors	1756-3305	http://parasitesandvectors.biomedcentral.com/	2008	VANCOUVER	parasitesandvectors.biomedcentral.com	parasitesandvectors
BioMed Central Ltd	Particle and Fibre Toxicology	Part Fibre Toxicol	1743-8977	http://particleandfibretoxicology.biomedcentral.com/	2004	VANCOUVER	particleandfibretoxicology.biomedcentral.com	particleandfibretoxicology
BioMed Central Ltd	Pediatric Rheumatology	Pediatr Rheumatol	1546-0096	http://ped-rheum.biomedcentral.com/	2003	VANCOUVER	ped-rheum.biomedcentral.com	ped-rheum
BioMed Central Ltd	Philosophy, Ethics, and Humanities in Medicine	Philos Ethics Humanit Med	1747-5341	http://peh-med.biomedcentral.com/	2006	VANCOUVER	peh-med.biomedcentral.com	peh-med
BioMed Central Ltd	Perioperative Medicine	perioper med	2047-0525	http://perioperativemedicinejournal.biomedcentral.com/	2011	VANCOUVER	perioperativemedicinejournal.biomedcentral.com	perioperativemedicinejournal
BioMed Central Ltd	Pilot and Feasibility Studies	Pilot Feasibility Stud	2055-5784	http://pilotfeasibilitystudies.biomedcentral.com/	2014	VANCOUVER	pilotfeasibilitystudies.biomedcentral.com	pilotfeasibilitystudies
BioMed Central Ltd	Plant Methods	Plant Methods	1746-4811	http://plantmethods.biomedcentral.com/	2005	VANCOUVER	plantmethods.biomedcentral.com	plantmethods
BioMed Central Ltd	Population Health Metrics	Popul Health Metrics	1478-7954	http://pophealthmetrics.biomedcentral.com/	2003	VANCOUVER	pophealthmetrics.biomedcentral.com	pophealthmetrics
BioMed Central Ltd	Porcine Health Management	Porc Health Manag	2055-5660	http://porcinehealthmanagement.biomedcentral.com/	2014	VANCOUVER	porcinehealthmanagement.biomedcentral.com	porcinehealthmanagement
BioMed Central Ltd	Proteome Science	Proteome Sci	1477-5956	http://proteomesci.biomedcentral.com/	2003	BIOMEDCENTRAL	proteomesci.biomedcentral.com	proteomesci
BioMed Central Ltd	Patient Safety in Surgery	Patient Saf Surg	1754-9493	http://pssjournal.biomedcentral.com/	2007	VANCOUVER	pssjournal.biomedcentral.com	pssjournal
	Public Health Reviews		2107-6952	http://publichealthreviews.biomedcentral.com/			publichealthreviews.biomedcentral.com	publichealthreviews
BioMed Central Ltd	Reproductive Biology and Endocrinology	Reprod Biol Endocrinol	1477-7827	http://rbej.biomedcentral.com/	2003	VANCOUVER	rbej.biomedcentral.com	rbej
BioMed Central Ltd	Reproductive Health	Reprod Health	1742-4755	http://reproductive-health-journal.biomedcentral.com/	2004	VANCOUVER	reproductive-health-journal.biomedcentral.com	reproductive-health-journal
BioMed Central Ltd	Research Involvement and Engagement	Res Involv Engagem	2056-7529	http://researchinvolvement.biomedcentral.com/	2014	VANCOUVER	researchinvolvement.biomedcentral.com	researchinvolvement
BioMed Central Ltd	Cost Effectiveness and Resource Allocation	Cost Eff Resour Alloc	1478-7547	http://resource-allocation.biomedcentral.com/	2003	VANCOUVER	resource-allocation.biomedcentral.com	resource-allocation
BioMed Central Ltd	Respiratory Research	Respir Res	1465-9921	http://respiratory-research.biomedcentral.com/	2000	VANCOUVER	respiratory-research.biomedcentral.com	respiratory-research
BioMed Central Ltd	Retrovirology	Retrovirology	1742-4690	http://retrovirology.biomedcentral.com/	2004	VANCOUVER	retrovirology.biomedcentral.com	retrovirology
Springer	Revista Chilena de Historia Natural	Revista Chilena de Historia Natural	0717-6317	http://revchilhistnat.biomedcentral.com/	2013	BASIC_SPRINGER	revchilhistnat.biomedcentral.com	revchilhistnat
BioMed Central Ltd	Radiation Oncology	Radiat Oncol	1748-717X	http://ro-journal.biomedcentral.com/	2006	VANCOUVER	ro-journal.biomedcentral.com	ro-journal
BioMed Central Ltd	Renal Replacement Therapy	Ren Replace Ther	2059-1381	http://rrtjournal.biomedcentral.com/	2015	VANCOUVER	rrtjournal.biomedcentral.com	rrtjournal
BioMed Central Ltd	Safety in Health	Saf Health	2056-5917	http://safetyinhealth.biomedcentral.com/	2015	VANCOUVER	safetyinhealth.biomedcentral.com	safetyinhealth
BioMed Central Ltd	Source Code for Biology and Medicine	Source Code Biol Med	1751-0473	http://scfbm.biomedcentral.com/	2006	VANCOUVER	scfbm.biomedcentral.com	scfbm
BioMed Central Ltd	Scoliosis and Spinal Disorders	Scoliosis and Spinal Disord	1748-7161	http://scoliosisjournal.biomedcentral.com/	2006	VANCOUVER	scoliosisjournal.biomedcentral.com	scoliosisjournal
BioMed Central Ltd	Silence	Silence	1758-907X	http://silencejournal.biomedcentral.com/	2010	BIOMEDCENTRAL	silencejournal.biomedcentral.com	silencejournal
BioMed Central Ltd	Scandinavian Journal of Trauma, Resuscitation and Emergency Medicine	Scand J Trauma Resusc Emerg Med	1757-7241	http://sjtrem.biomedcentral.com/	2008	VANCOUVER	sjtrem.biomedcentral.com	sjtrem
BioMed Central Ltd	Skeletal Muscle	Skeletal Muscle	2044-5040	http://skeletalmusclejournal.biomedcentral.com/	2011	VANCOUVER	skeletalmusclejournal.biomedcentral.com	skeletalmusclejournal
BioMed Central Ltd	Standards in Genomic Sciences	Stand Genomic Sci	1944-3277	http://standardsingenomics.biomedcentral.com/	2014	VANCOUVER	standardsingenomics.biomedcentral.com	standardsingenomics
BioMed Central Ltd	Stem Cell Research & Therapy	Stem Cell Res Ther	1757-6512	http://stemcellres.biomedcentral.com/	2010	BIOMEDCENTRAL	stemcellres.biomedcentral.com	stemcellres
BioMed Central Ltd	Substance Abuse Treatment, Prevention, and Policy	Subst Abuse Treat Prev Policy	1747-597X	http://substanceabusepolicy.biomedcentral.com/	2006	VANCOUVER	substanceabusepolicy.biomedcentral.com	substanceabusepolicy
BioMed Central Ltd	Systematic Reviews	Sys Rev	2046-4053	http://systematicreviewsjournal.biomedcentral.com/	2012	VANCOUVER	systematicreviewsjournal.biomedcentral.com	systematicreviewsjournal
BioMed Central Ltd	Theoretical Biology and Medical Modelling	Theor Biol Med Model	1742-4682	http://tbiomed.biomedcentral.com/	2004	BIOMEDCENTRAL	tbiomed.biomedcentral.com	tbiomed
BioMed Central Ltd	Tropical Diseases, Travel Medicine and Vaccines	Tropical Dis Travel Med Vaccines	2055-0936	http://tdtmvjournal.biomedcentral.com/	2014	VANCOUVER	tdtmvjournal.biomedcentral.com	tdtmvjournal
BioMed Central Ltd	Thrombosis Journal	Thrombosis J	1477-9560	http://thrombosisjournal.biomedcentral.com/	2003	VANCOUVER	thrombosisjournal.biomedcentral.com	thrombosisjournal
BioMed Central Ltd	Thyroid Research	Thyroid Res	1756-6614	http://thyroidresearchjournal.biomedcentral.com/	2008	VANCOUVER	thyroidresearchjournal.biomedcentral.com	thyroidresearchjournal
BioMed Central Ltd	Tobacco Induced Diseases	Tob Induced Dis	1617-9625	http://tobaccoinduceddiseases.biomedcentral.com/	2002	VANCOUVER	tobaccoinduceddiseases.biomedcentral.com	tobaccoinduceddiseases
BioMed Central Ltd	Journal of Translational Medicine	J Transl Med	1479-5876	http://translational-medicine.biomedcentral.com/	2003	VANCOUVER	translational-medicine.biomedcentral.com	translational-medicine
BioMed Central Ltd	Translational Neurodegeneration	Transl Neurodegener	2047-9158	http://translationalneurodegeneration.biomedcentral.com/	2012	BIOMEDCENTRAL	translationalneurodegeneration.biomedcentral.com	translationalneurodegeneration
	Translational Medicine Communications		2396-832X	http://transmedcomms.biomedcentral.com/			transmedcomms.biomedcentral.com	transmedcomms
BioMed Central Ltd	Transplantation Research	Transplant Res	2047-1440	http://transplantationresearch.biomedcentral.com/	2011	VANCOUVER	transplantationresearch.biomedcentral.com	transplantationresearch
BioMed Central Ltd	Journal of Trauma Management & Outcomes	J Trauma Manage Outcomes	1752-2897	http://traumamanagement.biomedcentral.com/	2007	VANCOUVER	traumamanagement.biomedcentral.com	traumamanagement
BioMed Central Ltd	Trials	Trials	1745-6215	http://trialsjournal.biomedcentral.com/	2000	VANCOUVER	trialsjournal.biomedcentral.com	trialsjournal
	Tropical Medicine and Health		1349-4147	http://tropmedhealth.biomedcentral.com/			tropmedhealth.biomedcentral.com	tropmedhealth
BioMed Central Ltd	Vascular Cell	Vasc Cell	2045-824X	http://vascularcell.biomedcentral.com/	2009	VANCOUVER	vascularcell.biomedcentral.com	vascularcell
BioMed Central Ltd	Veterinary Research	Vet Res	1297-9716	http://veterinaryresearch.biomedcentral.com/	2011	CHEMISTRY	veterinaryresearch.biomedcentral.com	veterinaryresearch
BioMed Central Ltd	Virology Journal	Virol J	1743-422X	http://virologyj.biomedcentral.com/	2004	VANCOUVER	virologyj.biomedcentral.com	virologyj
BioMed Central Ltd	World Allergy Organization Journal	World Allergy Organization J	1939-4551	http://waojournal.biomedcentral.com/	2013	VANCOUVER	waojournal.biomedcentral.com	waojournal
BioMed Central Ltd	World Journal of Emergency Surgery	World J Emerg Surg	1749-7922	http://wjes.biomedcentral.com/	2006	BIOMEDCENTRAL	wjes.biomedcentral.com	wjes
BioMed Central Ltd	World Journal of Surgical Oncology	World J Surg Onc	1477-7819	http://wjso.biomedcentral.com/	2003	VANCOUVER	wjso.biomedcentral.com	wjso
BioMed Central Ltd	Women's Midlife Health	Womens Midlife Health	2054-2690	http://womensmidlifehealthjournal.biomedcentral.com/	2014	VANCOUVER	womensmidlifehealthjournal.biomedcentral.com	womensmidlifehealthjournal
BioMed Central Ltd	BMC Pharmacology	BMC Pharmacol	1471-2210	http://bmcpharmacoltoxicol.biomedcentral.com/	2001	BIOMEDCENTRAL	bmcpharmacoltoxicol.biomedcentral.com	bmcpharmacoltoxicol
BioMed Central Ltd	Zoological Letters	Zoological Lett	2056-306X	http://zoologicalletters.biomedcentral.com/	2014	VANCOUVER	zoologicalletters.biomedcentral.com	zoologicalletters
